distance,resi,count,percentage
5,58,45,45.91836734693878
5,62,76,77.55102040816327
5,65,96,97.95918367346938
5,66,97,98.9795918367347
5,68,61,62.244897959183675
5,69,95,96.93877551020408
5,72,91,92.85714285714286
5,73,84,85.71428571428571
5,149,33,33.6734693877551
5,150,87,88.77551020408163
5,151,75,76.53061224489795
5,152,51,52.04081632653062
5,154,83,84.6938775510204
5,155,98,100.0
5,158,81,82.6530612244898
5,159,60,61.224489795918366
5,163,79,80.61224489795919
5,166,49,50.0
5,167,49,50.0
5,170,25,25.510204081632654
5,59,16,16.3265306122449
5,63,14,14.285714285714285
5,157,21,21.428571428571427
5,161,11,11.224489795918368
5,162,25,25.510204081632654
5,75,51,52.04081632653062
5,76,80,81.63265306122449
5,79,12,12.244897959183673
5,80,14,14.285714285714285
5,146,51,52.04081632653062
5,147,18,18.367346938775512
5,153,1,1.0204081632653061
5,43,1,1.0204081632653061
5,19,6,6.122448979591836
5,71,3,3.061224489795918
5,61,9,9.183673469387756
5,108,1,1.0204081632653061
5,70,27,27.55102040816326
5,156,7,7.142857142857142
5,83,4,4.081632653061225
5,64,5,5.1020408163265305
5,131,1,1.0204081632653061
5,169,1,1.0204081632653061
5,55,1,1.0204081632653061
5,56,1,1.0204081632653061
5,44,4,4.081632653061225
5,84,1,1.0204081632653061
5,67,2,2.0408163265306123
5,74,2,2.0408163265306123
5,77,2,2.0408163265306123
5,160,2,2.0408163265306123
5,164,2,2.0408163265306123
5,168,2,2.0408163265306123
5,60,1,1.0204081632653061
